[{"model": "catalog.category", "pk": 1, "fields": {"is_published": true, "slug": "vostok", "name": "восточная кухня", "weight": 100}}, {"model": "catalog.category", "pk": 2, "fields": {"is_published": true, "slug": "vegan", "name": "веганская кухня", "weight": 346}}, {"model": "catalog.tag", "pk": 1, "fields": {"is_published": true, "slug": "vostok", "name": "восток"}}, {"model": "catalog.tag", "pk": 2, "fields": {"is_published": true, "slug": "vkusno", "name": "вкусно"}}, {"model": "catalog.tag", "pk": 3, "fields": {"is_published": true, "slug": "fresh", "name": "свежее"}}, {"model": "catalog.tag", "pk": 4, "fields": {"is_published": true, "slug": "new", "name": "новое"}}, {"model": "catalog.tag", "pk": 5, "fields": {"is_published": true, "slug": "sale", "name": "распродажа"}}, {"model": "catalog.item", "pk": 1, "fields": {"is_published": true, "name": "шаурма", "text": "роскошно", "category": 1, "tags": [1, 3]}}, {"model": "catalog.item", "pk": 2, "fields": {"is_published": true, "name": "хинкали", "text": "превосходно", "category": 1, "tags": [3, 4]}}, {"model": "catalog.item", "pk": 3, "fields": {"is_published": true, "name": "хумус", "text": "не очень роскошно", "category": 2, "tags": [4, 5]}}, {"model": "catalog.item", "pk": 4, "fields": {"is_published": true, "name": "киноа", "text": "слегка превосходно", "category": 2, "tags": [3, 4]}}, {"model": "catalog.item", "pk": 5, "fields": {"is_published": false, "name": "шашлык", "text": "очень роскошно и мегапревосходно", "category": 1, "tags": [1, 2, 5]}}, {"model": "catalog.mainimage", "pk": 1, "fields": {"image": "previews/2023/02/28/brussi_CMRXbGw.jfif", "item": 4}}, {"model": "catalog.mainimage", "pk": 2, "fields": {"image": "previews/2023/02/28/djobs_7BC7hup.jfif", "item": 1}}, {"model": "catalog.mainimage", "pk": 3, "fields": {"image": "previews/2023/02/28/iosif_z5X7pEK.jfif", "item": 5}}, {"model": "catalog.mainimage", "pk": 4, "fields": {"image": "previews/2023/02/28/mario_gev1AQb.jfif", "item": 3}}, {"model": "catalog.mainimage", "pk": 5, "fields": {"image": "previews/2023/03/01/райдер.jpg", "item": 2}}, {"model": "catalog.gallery", "pk": 1, "fields": {"image": "previews/2023/02/28/raider.jfif", "item": 2}}, {"model": "catalog.gallery", "pk": 2, "fields": {"image": "previews/2023/02/28/mario.jfif", "item": 3}}, {"model": "catalog.gallery", "pk": 3, "fields": {"image": "previews/2023/02/28/iosif.jfif", "item": 5}}, {"model": "catalog.gallery", "pk": 4, "fields": {"image": "previews/2023/02/28/djobs.jfif", "item": 1}}, {"model": "catalog.gallery", "pk": 5, "fields": {"image": "previews/2023/02/28/brussi.jfif", "item": 4}}, {"model": "admin.logentry", "pk": 1, "fields": {"action_time": "2023-02-21T18:27:45.997Z", "user": 1, "content_type": 7, "object_id": "3", "object_repr": "Item object (3)", "action_flag": 1, "change_message": "[{\"added\": {}}]"}}, {"model": "admin.logentry", "pk": 2, "fields": {"action_time": "2023-02-21T18:51:29.679Z", "user": 1, "content_type": 7, "object_id": "3", "object_repr": "Item object (3)", "action_flag": 2, "change_message": "[]"}}, {"model": "admin.logentry", "pk": 3, "fields": {"action_time": "2023-02-21T18:55:47.583Z", "user": 1, "content_type": 7, "object_id": "3", "object_repr": "Item object (3)", "action_flag": 2, "change_message": "[{\"changed\": {\"fields\": [\"\\u041d\\u0430\\u0437\\u0432\\u0430\\u043d\\u0438\\u0435\"]}}]"}}, {"model": "admin.logentry", "pk": 4, "fields": {"action_time": "2023-02-21T19:32:50.308Z", "user": 1, "content_type": 7, "object_id": "3", "object_repr": "123превосходно", "action_flag": 3, "change_message": ""}}, {"model": "admin.logentry", "pk": 5, "fields": {"action_time": "2023-02-21T19:32:53.728Z", "user": 1, "content_type": 7, "object_id": "2", "object_repr": "new name", "action_flag": 3, "change_message": ""}}, {"model": "admin.logentry", "pk": 6, "fields": {"action_time": "2023-02-21T19:32:56.318Z", "user": 1, "content_type": 7, "object_id": "1", "object_repr": "new name", "action_flag": 3, "change_message": ""}}, {"model": "admin.logentry", "pk": 7, "fields": {"action_time": "2023-02-21T19:42:20.458Z", "user": 1, "content_type": 7, "object_id": "1", "object_repr": "чебурек", "action_flag": 1, "change_message": "[{\"added\": {}}]"}}, {"model": "admin.logentry", "pk": 8, "fields": {"action_time": "2023-02-21T19:46:48.541Z", "user": 1, "content_type": 7, "object_id": "2", "object_repr": "шаурма", "action_flag": 1, "change_message": "[{\"added\": {}}]"}}, {"model": "admin.logentry", "pk": 9, "fields": {"action_time": "2023-02-21T19:47:11.295Z", "user": 1, "content_type": 7, "object_id": "3", "object_repr": "хинкали", "action_flag": 1, "change_message": "[{\"added\": {}}]"}}, {"model": "admin.logentry", "pk": 10, "fields": {"action_time": "2023-02-21T19:47:31.938Z", "user": 1, "content_type": 7, "object_id": "4", "object_repr": "шашлык", "action_flag": 1, "change_message": "[{\"added\": {}}]"}}, {"model": "admin.logentry", "pk": 11, "fields": {"action_time": "2023-02-21T19:47:52.822Z", "user": 1, "content_type": 7, "object_id": "5", "object_repr": "бургер", "action_flag": 1, "change_message": "[{\"added\": {}}]"}}, {"model": "admin.logentry", "pk": 12, "fields": {"action_time": "2023-02-22T14:05:17.639Z", "user": 1, "content_type": 7, "object_id": "5", "object_repr": "бургер", "action_flag": 3, "change_message": ""}}, {"model": "admin.logentry", "pk": 13, "fields": {"action_time": "2023-02-22T14:05:20.860Z", "user": 1, "content_type": 7, "object_id": "4", "object_repr": "шашлык", "action_flag": 3, "change_message": ""}}, {"model": "admin.logentry", "pk": 14, "fields": {"action_time": "2023-02-22T14:05:23.778Z", "user": 1, "content_type": 7, "object_id": "3", "object_repr": "хинкали", "action_flag": 3, "change_message": ""}}, {"model": "admin.logentry", "pk": 15, "fields": {"action_time": "2023-02-22T14:05:27.076Z", "user": 1, "content_type": 7, "object_id": "2", "object_repr": "шаурма", "action_flag": 3, "change_message": ""}}, {"model": "admin.logentry", "pk": 16, "fields": {"action_time": "2023-02-22T14:05:30.322Z", "user": 1, "content_type": 7, "object_id": "1", "object_repr": "чебурек", "action_flag": 3, "change_message": ""}}, {"model": "admin.logentry", "pk": 17, "fields": {"action_time": "2023-02-22T14:11:25.323Z", "user": 1, "content_type": 9, "object_id": "1", "object_repr": "Category object (1)", "action_flag": 1, "change_message": "[{\"added\": {}}]"}}, {"model": "admin.logentry", "pk": 18, "fields": {"action_time": "2023-02-22T14:11:59.621Z", "user": 1, "content_type": 9, "object_id": "2", "object_repr": "Category object (2)", "action_flag": 1, "change_message": "[{\"added\": {}}]"}}, {"model": "admin.logentry", "pk": 19, "fields": {"action_time": "2023-02-22T14:25:51.227Z", "user": 1, "content_type": 8, "object_id": "1", "object_repr": "Tag object (1)", "action_flag": 1, "change_message": "[{\"added\": {}}]"}}, {"model": "admin.logentry", "pk": 20, "fields": {"action_time": "2023-02-22T14:26:04.897Z", "user": 1, "content_type": 8, "object_id": "2", "object_repr": "Tag object (2)", "action_flag": 1, "change_message": "[{\"added\": {}}]"}}, {"model": "admin.logentry", "pk": 21, "fields": {"action_time": "2023-02-22T14:26:37.953Z", "user": 1, "content_type": 8, "object_id": "3", "object_repr": "Tag object (3)", "action_flag": 1, "change_message": "[{\"added\": {}}]"}}, {"model": "admin.logentry", "pk": 22, "fields": {"action_time": "2023-02-22T14:26:48.311Z", "user": 1, "content_type": 8, "object_id": "4", "object_repr": "Tag object (4)", "action_flag": 1, "change_message": "[{\"added\": {}}]"}}, {"model": "admin.logentry", "pk": 23, "fields": {"action_time": "2023-02-22T14:27:09.538Z", "user": 1, "content_type": 8, "object_id": "5", "object_repr": "Tag object (5)", "action_flag": 1, "change_message": "[{\"added\": {}}]"}}, {"model": "admin.logentry", "pk": 24, "fields": {"action_time": "2023-02-22T14:29:45.497Z", "user": 1, "content_type": 9, "object_id": "2", "object_repr": "Category object (2)", "action_flag": 2, "change_message": "[{\"changed\": {\"fields\": [\"\\u0412\\u0435\\u0441\"]}}]"}}, {"model": "admin.logentry", "pk": 25, "fields": {"action_time": "2023-02-22T14:29:54.621Z", "user": 1, "content_type": 9, "object_id": "2", "object_repr": "Category object (2)", "action_flag": 2, "change_message": "[{\"changed\": {\"fields\": [\"\\u0412\\u0435\\u0441\"]}}]"}}, {"model": "admin.logentry", "pk": 26, "fields": {"action_time": "2023-02-22T14:57:09.608Z", "user": 1, "content_type": 7, "object_id": "1", "object_repr": "шаурма", "action_flag": 1, "change_message": "[{\"added\": {}}]"}}, {"model": "admin.logentry", "pk": 27, "fields": {"action_time": "2023-02-22T14:57:57.803Z", "user": 1, "content_type": 7, "object_id": "2", "object_repr": "хинкали", "action_flag": 1, "change_message": "[{\"added\": {}}]"}}, {"model": "admin.logentry", "pk": 28, "fields": {"action_time": "2023-02-22T14:59:41.311Z", "user": 1, "content_type": 7, "object_id": "3", "object_repr": "хумус", "action_flag": 1, "change_message": "[{\"added\": {}}]"}}, {"model": "admin.logentry", "pk": 29, "fields": {"action_time": "2023-02-22T15:00:28.769Z", "user": 1, "content_type": 7, "object_id": "4", "object_repr": "киноа", "action_flag": 1, "change_message": "[{\"added\": {}}]"}}, {"model": "admin.logentry", "pk": 30, "fields": {"action_time": "2023-02-22T15:01:08.677Z", "user": 1, "content_type": 7, "object_id": "5", "object_repr": "шашлык", "action_flag": 1, "change_message": "[{\"added\": {}}]"}}, {"model": "admin.logentry", "pk": 31, "fields": {"action_time": "2023-02-22T15:08:42.463Z", "user": 1, "content_type": 9, "object_id": "2", "object_repr": "веганская кухня", "action_flag": 2, "change_message": "[{\"changed\": {\"fields\": [\"\\u0412\\u0435\\u0441\"]}}]"}}, {"model": "admin.logentry", "pk": 32, "fields": {"action_time": "2023-02-22T15:24:06.346Z", "user": 1, "content_type": 9, "object_id": "2", "object_repr": "веганская кухня", "action_flag": 2, "change_message": "[{\"changed\": {\"fields\": [\"\\u0412\\u0435\\u0441\"]}}]"}}, {"model": "admin.logentry", "pk": 33, "fields": {"action_time": "2023-02-22T16:10:06.169Z", "user": 1, "content_type": 7, "object_id": "2", "object_repr": "хинкали", "action_flag": 2, "change_message": "[]"}}, {"model": "admin.logentry", "pk": 34, "fields": {"action_time": "2023-02-22T18:37:47.414Z", "user": 1, "content_type": 9, "object_id": "2", "object_repr": "веганская кухня", "action_flag": 2, "change_message": "[]"}}, {"model": "admin.logentry", "pk": 35, "fields": {"action_time": "2023-02-24T06:56:23.094Z", "user": 1, "content_type": 9, "object_id": "3", "object_repr": "ВЕГАНСКАЯ КУЪНЯ", "action_flag": 1, "change_message": "[{\"added\": {}}]"}}, {"model": "admin.logentry", "pk": 36, "fields": {"action_time": "2023-02-24T06:56:30.450Z", "user": 1, "content_type": 9, "object_id": "3", "object_repr": "ВЕГАНСКАЯ КУХНЯ", "action_flag": 2, "change_message": "[{\"changed\": {\"fields\": [\"\\u041d\\u0430\\u0437\\u0432\\u0430\\u043d\\u0438\\u0435\"]}}]"}}, {"model": "admin.logentry", "pk": 37, "fields": {"action_time": "2023-02-24T07:06:03.166Z", "user": 1, "content_type": 9, "object_id": "3", "object_repr": "ВЕГАНСКАЯ КУХНЯ", "action_flag": 3, "change_message": ""}}, {"model": "admin.logentry", "pk": 38, "fields": {"action_time": "2023-02-24T07:06:28.440Z", "user": 1, "content_type": 8, "object_id": "6", "object_repr": "РАСПРОДАЖА", "action_flag": 1, "change_message": "[{\"added\": {}}]"}}, {"model": "admin.logentry", "pk": 39, "fields": {"action_time": "2023-02-24T07:06:33.736Z", "user": 1, "content_type": 8, "object_id": "6", "object_repr": "РАСПРОДАЖА", "action_flag": 3, "change_message": ""}}, {"model": "admin.logentry", "pk": 40, "fields": {"action_time": "2023-02-24T07:08:30.041Z", "user": 1, "content_type": 8, "object_id": "7", "object_repr": "РАСПРОДАЖА", "action_flag": 1, "change_message": "[{\"added\": {}}]"}}, {"model": "admin.logentry", "pk": 41, "fields": {"action_time": "2023-02-24T07:08:49.034Z", "user": 1, "content_type": 8, "object_id": "7", "object_repr": "РАСПРОДАЖА", "action_flag": 3, "change_message": ""}}, {"model": "admin.logentry", "pk": 42, "fields": {"action_time": "2023-02-24T07:10:06.054Z", "user": 1, "content_type": 8, "object_id": "8", "object_repr": "РАСПРОДАЖА", "action_flag": 1, "change_message": "[{\"added\": {}}]"}}, {"model": "admin.logentry", "pk": 43, "fields": {"action_time": "2023-02-24T07:10:10.157Z", "user": 1, "content_type": 8, "object_id": "8", "object_repr": "РАСПРОДАЖА", "action_flag": 3, "change_message": ""}}, {"model": "admin.logentry", "pk": 44, "fields": {"action_time": "2023-02-28T14:25:28.300Z", "user": 1, "content_type": 7, "object_id": "1", "object_repr": "джобс", "action_flag": 2, "change_message": "[{\"changed\": {\"fields\": [\"\\u041d\\u0430\\u0437\\u0432\\u0430\\u043d\\u0438\\u0435\"]}}]"}}, {"model": "admin.logentry", "pk": 45, "fields": {"action_time": "2023-02-28T14:25:42.939Z", "user": 1, "content_type": 7, "object_id": "2", "object_repr": "мини", "action_flag": 2, "change_message": "[{\"changed\": {\"fields\": [\"\\u041d\\u0430\\u0437\\u0432\\u0430\\u043d\\u0438\\u0435\"]}}]"}}, {"model": "admin.logentry", "pk": 46, "fields": {"action_time": "2023-02-28T14:25:53.246Z", "user": 1, "content_type": 7, "object_id": "3", "object_repr": "марио", "action_flag": 2, "change_message": "[{\"changed\": {\"fields\": [\"\\u041d\\u0430\\u0437\\u0432\\u0430\\u043d\\u0438\\u0435\"]}}]"}}, {"model": "admin.logentry", "pk": 47, "fields": {"action_time": "2023-02-28T14:26:06.717Z", "user": 1, "content_type": 7, "object_id": "4", "object_repr": "брюси", "action_flag": 2, "change_message": "[{\"changed\": {\"fields\": [\"\\u041d\\u0430\\u0437\\u0432\\u0430\\u043d\\u0438\\u0435\"]}}]"}}, {"model": "admin.logentry", "pk": 48, "fields": {"action_time": "2023-02-28T14:26:26.124Z", "user": 1, "content_type": 7, "object_id": "5", "object_repr": "иосиф", "action_flag": 2, "change_message": "[{\"changed\": {\"fields\": [\"\\u041d\\u0430\\u0437\\u0432\\u0430\\u043d\\u0438\\u0435\"]}}]"}}, {"model": "admin.logentry", "pk": 49, "fields": {"action_time": "2023-02-28T14:26:37.975Z", "user": 1, "content_type": 7, "object_id": "2", "object_repr": "райдер", "action_flag": 2, "change_message": "[{\"changed\": {\"fields\": [\"\\u041d\\u0430\\u0437\\u0432\\u0430\\u043d\\u0438\\u0435\"]}}]"}}, {"model": "admin.logentry", "pk": 50, "fields": {"action_time": "2023-02-28T14:30:00.810Z", "user": 1, "content_type": 12, "object_id": "1", "object_repr": "Gallery object (1)", "action_flag": 1, "change_message": "[{\"added\": {}}]"}}, {"model": "admin.logentry", "pk": 51, "fields": {"action_time": "2023-02-28T14:30:22.862Z", "user": 1, "content_type": 12, "object_id": "2", "object_repr": "Gallery object (2)", "action_flag": 1, "change_message": "[{\"added\": {}}]"}}, {"model": "admin.logentry", "pk": 52, "fields": {"action_time": "2023-02-28T14:30:36.732Z", "user": 1, "content_type": 12, "object_id": "3", "object_repr": "Gallery object (3)", "action_flag": 1, "change_message": "[{\"added\": {}}]"}}, {"model": "admin.logentry", "pk": 53, "fields": {"action_time": "2023-02-28T14:30:48.776Z", "user": 1, "content_type": 12, "object_id": "4", "object_repr": "Gallery object (4)", "action_flag": 1, "change_message": "[{\"added\": {}}]"}}, {"model": "admin.logentry", "pk": 54, "fields": {"action_time": "2023-02-28T14:30:58.977Z", "user": 1, "content_type": 12, "object_id": "5", "object_repr": "Gallery object (5)", "action_flag": 1, "change_message": "[{\"added\": {}}]"}}, {"model": "admin.logentry", "pk": 55, "fields": {"action_time": "2023-02-28T14:31:30.535Z", "user": 1, "content_type": 11, "object_id": "1", "object_repr": "MainImage object (1)", "action_flag": 1, "change_message": "[{\"added\": {}}]"}}, {"model": "admin.logentry", "pk": 56, "fields": {"action_time": "2023-02-28T14:31:39.126Z", "user": 1, "content_type": 11, "object_id": "2", "object_repr": "MainImage object (2)", "action_flag": 1, "change_message": "[{\"added\": {}}]"}}, {"model": "admin.logentry", "pk": 57, "fields": {"action_time": "2023-02-28T14:31:48.231Z", "user": 1, "content_type": 11, "object_id": "3", "object_repr": "MainImage object (3)", "action_flag": 1, "change_message": "[{\"added\": {}}]"}}, {"model": "admin.logentry", "pk": 58, "fields": {"action_time": "2023-02-28T14:31:58.265Z", "user": 1, "content_type": 11, "object_id": "4", "object_repr": "MainImage object (4)", "action_flag": 1, "change_message": "[{\"added\": {}}]"}}, {"model": "admin.logentry", "pk": 59, "fields": {"action_time": "2023-02-28T14:32:07.091Z", "user": 1, "content_type": 11, "object_id": "5", "object_repr": "MainImage object (5)", "action_flag": 1, "change_message": "[{\"added\": {}}]"}}, {"model": "admin.logentry", "pk": 60, "fields": {"action_time": "2023-03-01T14:18:10.103Z", "user": 1, "content_type": 11, "object_id": "5", "object_repr": "MainImage object (5)", "action_flag": 2, "change_message": "[{\"changed\": {\"fields\": [\"\\u0413\\u043b\\u0430\\u0432\\u043d\\u043e\\u0435 \\u0438\\u0437\\u043e\\u0431\\u0440\\u0430\\u0436\\u0435\\u043d\\u0438\\u0435 \\u0442\\u043e\\u0432\\u0430\\u0440\\u0430\"]}}]"}}, {"model": "admin.logentry", "pk": 61, "fields": {"action_time": "2023-03-01T16:10:26.429Z", "user": 1, "content_type": 7, "object_id": "5", "object_repr": "иосиф", "action_flag": 2, "change_message": "[{\"changed\": {\"fields\": [\"\\u041e\\u043f\\u0438\\u0441\\u0430\\u043d\\u0438\\u0435\"]}}]"}}, {"model": "admin.logentry", "pk": 62, "fields": {"action_time": "2023-03-01T16:10:26.446Z", "user": 1, "content_type": 7, "object_id": "4", "object_repr": "брюси", "action_flag": 2, "change_message": "[{\"changed\": {\"fields\": [\"\\u041e\\u043f\\u0438\\u0441\\u0430\\u043d\\u0438\\u0435\"]}}]"}}, {"model": "admin.logentry", "pk": 63, "fields": {"action_time": "2023-03-01T16:10:26.462Z", "user": 1, "content_type": 7, "object_id": "3", "object_repr": "марио", "action_flag": 2, "change_message": "[{\"changed\": {\"fields\": [\"\\u041e\\u043f\\u0438\\u0441\\u0430\\u043d\\u0438\\u0435\"]}}]"}}, {"model": "admin.logentry", "pk": 64, "fields": {"action_time": "2023-03-01T16:10:26.479Z", "user": 1, "content_type": 7, "object_id": "2", "object_repr": "райдер", "action_flag": 2, "change_message": "[{\"changed\": {\"fields\": [\"\\u041e\\u043f\\u0438\\u0441\\u0430\\u043d\\u0438\\u0435\"]}}]"}}, {"model": "admin.logentry", "pk": 65, "fields": {"action_time": "2023-03-01T16:10:26.496Z", "user": 1, "content_type": 7, "object_id": "1", "object_repr": "джобс", "action_flag": 2, "change_message": "[{\"changed\": {\"fields\": [\"\\u041e\\u043f\\u0438\\u0441\\u0430\\u043d\\u0438\\u0435\"]}}]"}}, {"model": "auth.permission", "pk": 1, "fields": {"name": "Can add log entry", "content_type": 1, "codename": "add_logentry"}}, {"model": "auth.permission", "pk": 2, "fields": {"name": "Can change log entry", "content_type": 1, "codename": "change_logentry"}}, {"model": "auth.permission", "pk": 3, "fields": {"name": "Can delete log entry", "content_type": 1, "codename": "delete_logentry"}}, {"model": "auth.permission", "pk": 4, "fields": {"name": "Can view log entry", "content_type": 1, "codename": "view_logentry"}}, {"model": "auth.permission", "pk": 5, "fields": {"name": "Can add permission", "content_type": 2, "codename": "add_permission"}}, {"model": "auth.permission", "pk": 6, "fields": {"name": "Can change permission", "content_type": 2, "codename": "change_permission"}}, {"model": "auth.permission", "pk": 7, "fields": {"name": "Can delete permission", "content_type": 2, "codename": "delete_permission"}}, {"model": "auth.permission", "pk": 8, "fields": {"name": "Can view permission", "content_type": 2, "codename": "view_permission"}}, {"model": "auth.permission", "pk": 9, "fields": {"name": "Can add group", "content_type": 3, "codename": "add_group"}}, {"model": "auth.permission", "pk": 10, "fields": {"name": "Can change group", "content_type": 3, "codename": "change_group"}}, {"model": "auth.permission", "pk": 11, "fields": {"name": "Can delete group", "content_type": 3, "codename": "delete_group"}}, {"model": "auth.permission", "pk": 12, "fields": {"name": "Can view group", "content_type": 3, "codename": "view_group"}}, {"model": "auth.permission", "pk": 13, "fields": {"name": "Can add user", "content_type": 4, "codename": "add_user"}}, {"model": "auth.permission", "pk": 14, "fields": {"name": "Can change user", "content_type": 4, "codename": "change_user"}}, {"model": "auth.permission", "pk": 15, "fields": {"name": "Can delete user", "content_type": 4, "codename": "delete_user"}}, {"model": "auth.permission", "pk": 16, "fields": {"name": "Can view user", "content_type": 4, "codename": "view_user"}}, {"model": "auth.permission", "pk": 17, "fields": {"name": "Can add content type", "content_type": 5, "codename": "add_contenttype"}}, {"model": "auth.permission", "pk": 18, "fields": {"name": "Can change content type", "content_type": 5, "codename": "change_contenttype"}}, {"model": "auth.permission", "pk": 19, "fields": {"name": "Can delete content type", "content_type": 5, "codename": "delete_contenttype"}}, {"model": "auth.permission", "pk": 20, "fields": {"name": "Can view content type", "content_type": 5, "codename": "view_contenttype"}}, {"model": "auth.permission", "pk": 21, "fields": {"name": "Can add session", "content_type": 6, "codename": "add_session"}}, {"model": "auth.permission", "pk": 22, "fields": {"name": "Can change session", "content_type": 6, "codename": "change_session"}}, {"model": "auth.permission", "pk": 23, "fields": {"name": "Can delete session", "content_type": 6, "codename": "delete_session"}}, {"model": "auth.permission", "pk": 24, "fields": {"name": "Can view session", "content_type": 6, "codename": "view_session"}}, {"model": "auth.permission", "pk": 25, "fields": {"name": "Can add item", "content_type": 7, "codename": "add_item"}}, {"model": "auth.permission", "pk": 26, "fields": {"name": "Can change item", "content_type": 7, "codename": "change_item"}}, {"model": "auth.permission", "pk": 27, "fields": {"name": "Can delete item", "content_type": 7, "codename": "delete_item"}}, {"model": "auth.permission", "pk": 28, "fields": {"name": "Can view item", "content_type": 7, "codename": "view_item"}}, {"model": "auth.permission", "pk": 29, "fields": {"name": "Can add тег", "content_type": 8, "codename": "add_tag"}}, {"model": "auth.permission", "pk": 30, "fields": {"name": "Can change тег", "content_type": 8, "codename": "change_tag"}}, {"model": "auth.permission", "pk": 31, "fields": {"name": "Can delete тег", "content_type": 8, "codename": "delete_tag"}}, {"model": "auth.permission", "pk": 32, "fields": {"name": "Can view тег", "content_type": 8, "codename": "view_tag"}}, {"model": "auth.permission", "pk": 33, "fields": {"name": "Can add категория", "content_type": 9, "codename": "add_category"}}, {"model": "auth.permission", "pk": 34, "fields": {"name": "Can change категория", "content_type": 9, "codename": "change_category"}}, {"model": "auth.permission", "pk": 35, "fields": {"name": "Can delete категория", "content_type": 9, "codename": "delete_category"}}, {"model": "auth.permission", "pk": 36, "fields": {"name": "Can view категория", "content_type": 9, "codename": "view_category"}}, {"model": "auth.permission", "pk": 37, "fields": {"name": "Can add kv store", "content_type": 10, "codename": "add_kvstore"}}, {"model": "auth.permission", "pk": 38, "fields": {"name": "Can change kv store", "content_type": 10, "codename": "change_kvstore"}}, {"model": "auth.permission", "pk": 39, "fields": {"name": "Can delete kv store", "content_type": 10, "codename": "delete_kvstore"}}, {"model": "auth.permission", "pk": 40, "fields": {"name": "Can view kv store", "content_type": 10, "codename": "view_kvstore"}}, {"model": "auth.permission", "pk": 41, "fields": {"name": "Can add главное изображение", "content_type": 11, "codename": "add_mainimage"}}, {"model": "auth.permission", "pk": 42, "fields": {"name": "Can change главное изображение", "content_type": 11, "codename": "change_mainimage"}}, {"model": "auth.permission", "pk": 43, "fields": {"name": "Can delete главное изображение", "content_type": 11, "codename": "delete_mainimage"}}, {"model": "auth.permission", "pk": 44, "fields": {"name": "Can view главное изображение", "content_type": 11, "codename": "view_mainimage"}}, {"model": "auth.permission", "pk": 45, "fields": {"name": "Can add Фото товара", "content_type": 12, "codename": "add_gallery"}}, {"model": "auth.permission", "pk": 46, "fields": {"name": "Can change Фото товара", "content_type": 12, "codename": "change_gallery"}}, {"model": "auth.permission", "pk": 47, "fields": {"name": "Can delete Фото товара", "content_type": 12, "codename": "delete_gallery"}}, {"model": "auth.permission", "pk": 48, "fields": {"name": "Can view Фото товара", "content_type": 12, "codename": "view_gallery"}}, {"model": "auth.user", "pk": 1, "fields": {"password": "pbkdf2_sha256$260000$wXMBnMWr3BJn3ra9PzklZk$Fa3jkdQ5PqKfDNIL+1MHUGt1lTkbpC3tq59N1A2z6AQ=", "last_login": "2023-02-21T19:23:09.972Z", "is_superuser": true, "username": "admin", "first_name": "", "last_name": "", "email": "", "is_staff": true, "is_active": true, "date_joined": "2023-02-21T18:21:04.427Z", "groups": [], "user_permissions": []}}, {"model": "contenttypes.contenttype", "pk": 1, "fields": {"app_label": "admin", "model": "logentry"}}, {"model": "contenttypes.contenttype", "pk": 2, "fields": {"app_label": "auth", "model": "permission"}}, {"model": "contenttypes.contenttype", "pk": 3, "fields": {"app_label": "auth", "model": "group"}}, {"model": "contenttypes.contenttype", "pk": 4, "fields": {"app_label": "auth", "model": "user"}}, {"model": "contenttypes.contenttype", "pk": 5, "fields": {"app_label": "contenttypes", "model": "contenttype"}}, {"model": "contenttypes.contenttype", "pk": 6, "fields": {"app_label": "sessions", "model": "session"}}, {"model": "contenttypes.contenttype", "pk": 7, "fields": {"app_label": "catalog", "model": "item"}}, {"model": "contenttypes.contenttype", "pk": 8, "fields": {"app_label": "catalog", "model": "tag"}}, {"model": "contenttypes.contenttype", "pk": 9, "fields": {"app_label": "catalog", "model": "category"}}, {"model": "contenttypes.contenttype", "pk": 10, "fields": {"app_label": "thumbnail", "model": "kvstore"}}, {"model": "contenttypes.contenttype", "pk": 11, "fields": {"app_label": "catalog", "model": "mainimage"}}, {"model": "contenttypes.contenttype", "pk": 12, "fields": {"app_label": "catalog", "model": "gallery"}}, {"model": "sessions.session", "pk": "307aln6wzwlivvo00c96b034xgwdbhm4", "fields": {"session_data": ".eJxVjEEOwiAQRe_C2pAiTGBcuvcMZBgGqRqalHZlvLtt0oVu_3vvv1Wkdalx7TLHMauLMur0uyXip7Qd5Ae1-6R5ass8Jr0r-qBd36Ysr-vh_h1U6nWrvQOLJQw2wVCChYS2OCPsk8-mZCRgdsZ5yyE4QRIEKJA2bpAxn9XnC9XjN_I:1pVETh:G54sNwfeS3_eulXiSC9GZXVVQ0binin4F3gfSMoI7UA", "expire_date": "2023-03-09T16:29:53.428Z"}}, {"model": "sessions.session", "pk": "bsjb9skt3xerpgm8h4yaozy8ms0p92es", "fields": {"session_data": ".eJxVjEEOwiAQRe_C2pAiTGBcuvcMZBgGqRqalHZlvLtt0oVu_3vvv1Wkdalx7TLHMauLMur0uyXip7Qd5Ae1-6R5ass8Jr0r-qBd36Ysr-vh_h1U6nWrvQOLJQw2wVCChYS2OCPsk8-mZCRgdsZ5yyE4QRIEKJA2bpAxn9XnC9XjN_I:1pUXHt:ArXGseJSU5u1L70w9DRnvOkxae9rQRgRjhWPC0UV9Qc", "expire_date": "2023-03-07T18:22:49.049Z"}}, {"model": "sessions.session", "pk": "pxd1x3zpfdf2c5tz5q6sr6rccia8m8c8", "fields": {"session_data": ".eJxVjEEOwiAQRe_C2pAiTGBcuvcMZBgGqRqalHZlvLtt0oVu_3vvv1Wkdalx7TLHMauLMur0uyXip7Qd5Ae1-6R5ass8Jr0r-qBd36Ysr-vh_h1U6nWrvQOLJQw2wVCChYS2OCPsk8-mZCRgdsZ5yyE4QRIEKJA2bpAxn9XnC9XjN_I:1pUYEI:378cjq9gu5cNZcDR5bnCH8E0h8WYw3oCfjdc8T1pn1Y", "expire_date": "2023-03-07T19:23:10.023Z"}}, {"model": "thumbnail.kvstore", "pk": "sorl-thumbnail||image||08b0f52bc7ad096e1180a724e8a4dd57", "fields": {"value": "{\"name\": \"cache/f7/54/f75418b596dcc481ff7ae0311e1d56e4.jpg\", \"storage\": \"django.core.files.storage.FileSystemStorage\", \"size\": [50, 50]}"}}, {"model": "thumbnail.kvstore", "pk": "sorl-thumbnail||image||2380d6bc53a42bc8c4a8a4967012faa7", "fields": {"value": "{\"name\": \"cache/50/6a/506a8dcf5aec221d8626df30c22cd46b.jpg\", \"storage\": \"django.core.files.storage.FileSystemStorage\", \"size\": [50, 50]}"}}, {"model": "thumbnail.kvstore", "pk": "sorl-thumbnail||image||353424ef06626964cbb3f0d0ae8bcf4c", "fields": {"value": "{\"name\": \"cache/c6/d0/c6d08518b7b6c83a34d7e098162ed718.jpg\", \"storage\": \"django.core.files.storage.FileSystemStorage\", \"size\": [50, 50]}"}}, {"model": "thumbnail.kvstore", "pk": "sorl-thumbnail||image||4082be13b07bf1ea8023defdfc43361f", "fields": {"value": "{\"name\": \"cache/19/ec/19ec7ec4a7afe21becab12b8e2ff511d.jpg\", \"storage\": \"django.core.files.storage.FileSystemStorage\", \"size\": [300, 300]}"}}, {"model": "thumbnail.kvstore", "pk": "sorl-thumbnail||image||45c783ef823ca1287f83f76cb82d2e6a", "fields": {"value": "{\"name\": \"cache/c1/a6/c1a6020ee0b5e4e4edd8a019eb709fac.jpg\", \"storage\": \"django.core.files.storage.FileSystemStorage\", \"size\": [50, 50]}"}}, {"model": "thumbnail.kvstore", "pk": "sorl-thumbnail||image||56b9cf43e6c64408df9971aadf81b748", "fields": {"value": "{\"name\": \"previews/2023/03/01/\\u0440\\u0430\\u0439\\u0434\\u0435\\u0440.jpg\", \"storage\": \"django.core.files.storage.FileSystemStorage\", \"size\": [736, 736]}"}}, {"model": "thumbnail.kvstore", "pk": "sorl-thumbnail||image||604ab0c523d1f5aa55386116783fe9bd", "fields": {"value": "{\"name\": \"cache/c9/d7/c9d7144dee0886796f0d86d1a2a8e142.jpg\", \"storage\": \"django.core.files.storage.FileSystemStorage\", \"size\": [300, 300]}"}}, {"model": "thumbnail.kvstore", "pk": "sorl-thumbnail||image||61e5f0af64a5991ce209a4e21a39a643", "fields": {"value": "{\"name\": \"previews/2023/02/28/iosif_z5X7pEK.jfif\", \"storage\": \"django.core.files.storage.FileSystemStorage\", \"size\": [750, 831]}"}}, {"model": "thumbnail.kvstore", "pk": "sorl-thumbnail||image||6cf60cf6eddffd5b2db235f6d6eab27e", "fields": {"value": "{\"name\": \"cache/6c/1b/6c1b7928c750a1aa9d81c362e9699e7a.jpg\", \"storage\": \"django.core.files.storage.FileSystemStorage\", \"size\": [50, 50]}"}}, {"model": "thumbnail.kvstore", "pk": "sorl-thumbnail||image||7273f98b8f227dbbf7d828560aae1a0d", "fields": {"value": "{\"name\": \"cache/65/78/6578d1d3cf58b2e81cc033cc5d7658d0.jpg\", \"storage\": \"django.core.files.storage.FileSystemStorage\", \"size\": [50, 50]}"}}, {"model": "thumbnail.kvstore", "pk": "sorl-thumbnail||image||831dde182613afb074d81a918d93d9e4", "fields": {"value": "{\"name\": \"previews/2023/02/28/brussi_CMRXbGw.jfif\", \"storage\": \"django.core.files.storage.FileSystemStorage\", \"size\": [350, 514]}"}}, {"model": "thumbnail.kvstore", "pk": "sorl-thumbnail||image||8683419d0b98a5aaf08202f7d3b1de6b", "fields": {"value": "{\"name\": \"previews/2023/02/28/mario.jfif\", \"storage\": \"django.core.files.storage.FileSystemStorage\", \"size\": [648, 700]}"}}, {"model": "thumbnail.kvstore", "pk": "sorl-thumbnail||image||94678f0fb4f1aa78ee3ce191c591ebbb", "fields": {"value": "{\"name\": \"previews/2023/02/28/djobs_7BC7hup.jfif\", \"storage\": \"django.core.files.storage.FileSystemStorage\", \"size\": [720, 861]}"}}, {"model": "thumbnail.kvstore", "pk": "sorl-thumbnail||image||a56dd04b5fd0e27144ee7a5b4770df49", "fields": {"value": "{\"name\": \"cache/aa/a3/aaa3075c1ab17de83fb1853241a025bc.jpg\", \"storage\": \"django.core.files.storage.FileSystemStorage\", \"size\": [300, 300]}"}}, {"model": "thumbnail.kvstore", "pk": "sorl-thumbnail||image||a7e542c0c33fb8d9d4bc1a6c3cd05751", "fields": {"value": "{\"name\": \"cache/22/63/226389ece8736a33f0ab472f1d1de5b1.jpg\", \"storage\": \"django.core.files.storage.FileSystemStorage\", \"size\": [50, 50]}"}}, {"model": "thumbnail.kvstore", "pk": "sorl-thumbnail||image||b4b4485752dab3d973af9199105c72af", "fields": {"value": "{\"name\": \"previews/2023/02/28/mario_gev1AQb.jfif\", \"storage\": \"django.core.files.storage.FileSystemStorage\", \"size\": [648, 700]}"}}, {"model": "thumbnail.kvstore", "pk": "sorl-thumbnail||image||bd3e635b817f818ff3828a68b8d3f502", "fields": {"value": "{\"name\": \"cache/9f/98/9f98f372d6f58f91792463388bae1ea6.jpg\", \"storage\": \"django.core.files.storage.FileSystemStorage\", \"size\": [50, 50]}"}}, {"model": "thumbnail.kvstore", "pk": "sorl-thumbnail||image||bf8b04e5b09123adbb40e944e218d82a", "fields": {"value": "{\"name\": \"previews/2023/02/28/raider.jfif\", \"storage\": \"django.core.files.storage.FileSystemStorage\", \"size\": [736, 736]}"}}, {"model": "thumbnail.kvstore", "pk": "sorl-thumbnail||image||c93fe0eb9e1391ce338ad9a7e5cadc6f", "fields": {"value": "{\"name\": \"previews/2023/02/28/djobs.jfif\", \"storage\": \"django.core.files.storage.FileSystemStorage\", \"size\": [720, 861]}"}}, {"model": "thumbnail.kvstore", "pk": "sorl-thumbnail||image||cdca531c8690bf4a1d12684cf983880a", "fields": {"value": "{\"name\": \"previews/2023/02/28/iosif.jfif\", \"storage\": \"django.core.files.storage.FileSystemStorage\", \"size\": [750, 831]}"}}, {"model": "thumbnail.kvstore", "pk": "sorl-thumbnail||image||cfe646cbf6a303eb3e189d9a178b1033", "fields": {"value": "{\"name\": \"cache/03/84/0384e2fee90fa997a9d9e2822287095d.jpg\", \"storage\": \"django.core.files.storage.FileSystemStorage\", \"size\": [50, 50]}"}}, {"model": "thumbnail.kvstore", "pk": "sorl-thumbnail||image||d014289fd1845919d0f77e62f4256b90", "fields": {"value": "{\"name\": \"cache/90/48/904855e13ac6f302c043e10d41a5656b.jpg\", \"storage\": \"django.core.files.storage.FileSystemStorage\", \"size\": [300, 300]}"}}, {"model": "thumbnail.kvstore", "pk": "sorl-thumbnail||image||e23f82fb996b9d6828f44499b9a1e56b", "fields": {"value": "{\"name\": \"cache/a8/cb/a8cb34f359e7b18108df3f002c5284d1.jpg\", \"storage\": \"django.core.files.storage.FileSystemStorage\", \"size\": [50, 50]}"}}, {"model": "thumbnail.kvstore", "pk": "sorl-thumbnail||image||fc15adfa80f508de6f1d93c1e303391c", "fields": {"value": "{\"name\": \"previews/2023/02/28/brussi.jfif\", \"storage\": \"django.core.files.storage.FileSystemStorage\", \"size\": [350, 514]}"}}, {"model": "thumbnail.kvstore", "pk": "sorl-thumbnail||thumbnails||56b9cf43e6c64408df9971aadf81b748", "fields": {"value": "[\"45c783ef823ca1287f83f76cb82d2e6a\"]"}}, {"model": "thumbnail.kvstore", "pk": "sorl-thumbnail||thumbnails||61e5f0af64a5991ce209a4e21a39a643", "fields": {"value": "[\"08b0f52bc7ad096e1180a724e8a4dd57\", \"a56dd04b5fd0e27144ee7a5b4770df49\"]"}}, {"model": "thumbnail.kvstore", "pk": "sorl-thumbnail||thumbnails||831dde182613afb074d81a918d93d9e4", "fields": {"value": "[\"bd3e635b817f818ff3828a68b8d3f502\"]"}}, {"model": "thumbnail.kvstore", "pk": "sorl-thumbnail||thumbnails||8683419d0b98a5aaf08202f7d3b1de6b", "fields": {"value": "[\"cfe646cbf6a303eb3e189d9a178b1033\", \"4082be13b07bf1ea8023defdfc43361f\"]"}}, {"model": "thumbnail.kvstore", "pk": "sorl-thumbnail||thumbnails||94678f0fb4f1aa78ee3ce191c591ebbb", "fields": {"value": "[\"2380d6bc53a42bc8c4a8a4967012faa7\"]"}}, {"model": "thumbnail.kvstore", "pk": "sorl-thumbnail||thumbnails||b4b4485752dab3d973af9199105c72af", "fields": {"value": "[\"353424ef06626964cbb3f0d0ae8bcf4c\", \"604ab0c523d1f5aa55386116783fe9bd\"]"}}, {"model": "thumbnail.kvstore", "pk": "sorl-thumbnail||thumbnails||bf8b04e5b09123adbb40e944e218d82a", "fields": {"value": "[\"e23f82fb996b9d6828f44499b9a1e56b\"]"}}, {"model": "thumbnail.kvstore", "pk": "sorl-thumbnail||thumbnails||c93fe0eb9e1391ce338ad9a7e5cadc6f", "fields": {"value": "[\"a7e542c0c33fb8d9d4bc1a6c3cd05751\"]"}}, {"model": "thumbnail.kvstore", "pk": "sorl-thumbnail||thumbnails||cdca531c8690bf4a1d12684cf983880a", "fields": {"value": "[\"7273f98b8f227dbbf7d828560aae1a0d\", \"d014289fd1845919d0f77e62f4256b90\"]"}}, {"model": "thumbnail.kvstore", "pk": "sorl-thumbnail||thumbnails||fc15adfa80f508de6f1d93c1e303391c", "fields": {"value": "[\"6cf60cf6eddffd5b2db235f6d6eab27e\"]"}}]